{
    "img_coord": [
        [
            851.58349609375,
            659.1788330078125
        ],
        [
            898.30078125,
            674.543701171875
        ],
        [
            946.7861328125,
            690.4646606445312
        ],
        [
            998.341796875,
            706.5267333984375
        ],
        [
            1050.78857421875,
            691.428466796875
        ],
        [
            1102.618896484375,
            676.4240112304688
        ],
        [
            1152.762451171875,
            661.8309936523438
        ],
        [
            1201.231201171875,
            647.8135986328125
        ],
        [
            852.51220703125,
            726.5240478515625
        ],
        [
            898.9122314453125,
            743.04150390625
        ],
        [
            947.1441040039062,
            760.2134399414062
        ],
        [
            994.5487060546875,
            777.0859375
        ],
        [
            1050.4368896484375,
            761.251953125
        ],
        [
            1101.96337890625,
            745.1128540039062
        ],
        [
            1151.751220703125,
            729.4888305664062
        ],
        [
            1199.9049072265625,
            714.4164428710938
        ],
        [
            853.4623413085938,
            793.1057739257812
        ],
        [
            899.648681640625,
            810.6749267578125
        ],
        [
            947.54248046875,
            828.9218139648438
        ],
        [
            999.3450927734375,
            846.8480224609375
        ],
        [
            1050.156982421875,
            830.0341186523438
        ],
        [
            1101.29052734375,
            812.8094482421875
        ],
        [
            1150.7591552734375,
            796.2373657226562
        ],
        [
            1198.5859375,
            780.1867065429688
        ],
        [
            854.4070434570312,
            858.7457275390625
        ],
        [
            900.3233032226562,
            877.4434814453125
        ],
        [
            947.82763671875,
            896.7567138671875
        ],
        [
            990.1443481445312,
            913.7550659179688
        ],
        [
            1049.757568359375,
            897.9549560546875
        ],
        [
            1100.6151123046875,
            879.677490234375
        ],
        [
            1149.8233642578125,
            862.05908203125
        ],
        [
            1197.392822265625,
            845.0421142578125
        ]
    ],
    "world_coord": [
        [
            0,
            30,
            40
        ],
        [
            0,
            20,
            40
        ],
        [
            0,
            10,
            40
        ],
        [
            0,
            0,
            40
        ],
        [
            10,
            0,
            40
        ],
        [
            20,
            0,
            40
        ],
        [
            30,
            0,
            40
        ],
        [
            40,
            0,
            40
        ],
        [
            0,
            30,
            30
        ],
        [
            0,
            20,
            30
        ],
        [
            0,
            10,
            30
        ],
        [
            0,
            0,
            30
        ],
        [
            10,
            0,
            30
        ],
        [
            20,
            0,
            30
        ],
        [
            30,
            0,
            30
        ],
        [
            40,
            0,
            30
        ],
        [
            0,
            30,
            20
        ],
        [
            0,
            20,
            20
        ],
        [
            0,
            10,
            20
        ],
        [
            0,
            0,
            20
        ],
        [
            10,
            0,
            20
        ],
        [
            20,
            0,
            20
        ],
        [
            30,
            0,
            20
        ],
        [
            40,
            0,
            20
        ],
        [
            0,
            30,
            10
        ],
        [
            0,
            20,
            10
        ],
        [
            0,
            10,
            10
        ],
        [
            0,
            0,
            10
        ],
        [
            10,
            0,
            10
        ],
        [
            20,
            0,
            10
        ],
        [
            30,
            0,
            10
        ],
        [
            40,
            0,
            10
        ]
    ],
    "fx": 2974.0127467576153,
    "fy": 2978.4589325825677,
    "cx": 1142.0241122626283,
    "cy": 613.1865063041041,
    "R": [
        [
            0.701640074726187,
            -0.7123387769025892,
            0.016573245281302686
        ],
        [
            -0.18796889403808356,
            -0.20251006290432622,
            -0.9610709491481813
        ],
        [
            0.6879687099798102,
            0.6712148884993224,
            -0.2759884554570318
        ]
    ],
    "T": [
        -20.150867512580426,
        50.96873400378454,
        409.8735138873997
    ]
}