{
    "img_104.jpg": [
        [
            71.0,
            65.0,
            182.0,
            182.0
        ]
    ],
    "img_105.jpg": [
        [
            37.0,
            144.0,
            155.0,
            155.0
        ],
        [
            62.0,
            283.0,
            125.0,
            125.0
        ]
    ],
    "img_106.jpg": [
        [
            79.0,
            82.0,
            231.0,
            231.0
        ]
    ],
    "img_107.jpg": [
        [
            55.0,
            42.0,
            104.0,
            104.0
        ],
        [
            156.0,
            80.0,
            55.0,
            55.0
        ],
        [
            224.0,
            80.0,
            89.0,
            89.0
        ],
        [
            329.0,
            88.0,
            92.0,
            92.0
        ]
    ],
    "img_108.jpg": [
        [
            66.0,
            81.0,
            141.0,
            141.0
        ]
    ],
    "img_109.jpg": [
        [
            260.0,
            119.0,
            149.0,
            149.0
        ]
    ],
    "img_110.jpg": [
        [
            95.0,
            94.0,
            122.0,
            122.0
        ]
    ],
    "img_111.jpg": [
        [
            65.0,
            51.0,
            99.0,
            99.0
        ]
    ],
    "img_112.jpg": [
        [
            97.0,
            94.0,
            208.0,
            208.0
        ]
    ],
    "img_113.jpg": [
        [
            305.0,
            54.0,
            92.0,
            92.0
        ],
        [
            146.0,
            98.0,
            150.0,
            150.0
        ],
        [
            33.0,
            132.0,
            106.0,
            106.0
        ]
    ],
    "img_114.jpg": [
        [
            10.0,
            23.0,
            112.0,
            112.0
        ],
        [
            54.0,
            166.0,
            80.0,
            80.0
        ],
        [
            125.0,
            97.0,
            145.0,
            145.0
        ]
    ],
    "img_115.jpg": [
        [
            36.0,
            18.0,
            154.0,
            154.0
        ],
        [
            262.0,
            88.0,
            135.0,
            135.0
        ]
    ],
    "img_116.jpg": [
        [
            1.0,
            231.0,
            34.0,
            34.0
        ],
        [
            70.0,
            44.0,
            87.0,
            87.0
        ]
    ],
    "img_117.jpg": [
        [
            355.0,
            103.0,
            51.0,
            51.0
        ],
        [
            389.0,
            83.0,
            54.0,
            54.0
        ],
        [
            268.0,
            45.0,
            85.0,
            85.0
        ],
        [
            98.0,
            61.0,
            79.0,
            79.0
        ],
        [
            157.0,
            110.0,
            60.0,
            60.0
        ]
    ],
    "img_118.jpg": [
        [
            163.0,
            52.0,
            116.0,
            116.0
        ]
    ],
    "img_119.jpg": [
        [
            79.0,
            84.0,
            79.0,
            79.0
        ]
    ],
    "img_120.jpg": [
        [
            163.0,
            74.0,
            87.0,
            87.0
        ]
    ],
    "img_121.jpg": [
        [
            62.0,
            8.0,
            232.0,
            232.0
        ]
    ],
    "img_122.jpg": [
        [
            26.0,
            43.0,
            45.0,
            45.0
        ],
        [
            272.0,
            61.0,
            69.0,
            69.0
        ]
    ],
    "img_123.jpg": [
        [
            205.0,
            62.0,
            140.0,
            140.0
        ],
        [
            16.0,
            210.0,
            156.0,
            156.0
        ]
    ],
    "img_124.jpg": [
        [
            177.0,
            28.0,
            151.0,
            151.0
        ]
    ],
    "img_125.jpg": [
        [
            46.0,
            122.0,
            225.0,
            225.0
        ]
    ],
    "img_126.jpg": [
        [
            125.0,
            139.0,
            110.0,
            110.0
        ]
    ],
    "img_127.jpg": [
        [
            91.0,
            83.0,
            205.0,
            205.0
        ]
    ],
    "img_128.jpg": [
        [
            189.0,
            94.0,
            118.0,
            118.0
        ]
    ],
    "img_129.jpg": [
        [
            149.0,
            207.0,
            131.0,
            131.0
        ]
    ],
    "img_130.jpg": [
        [
            36.0,
            81.0,
            259.0,
            259.0
        ]
    ],
    "img_131.jpg": [
        [
            114.0,
            38.0,
            78.0,
            78.0
        ]
    ],
    "img_132.jpg": [
        [
            240.0,
            73.0,
            160.0,
            160.0
        ]
    ],
    "img_133.jpg": [
        [
            59.0,
            59.0,
            81.0,
            81.0
        ]
    ],
    "img_134.jpg": [
        [
            87.0,
            41.0,
            102.0,
            102.0
        ]
    ],
    "img_135.jpg": [
        [
            19.0,
            117.0,
            61.0,
            61.0
        ],
        [
            86.0,
            51.0,
            76.0,
            76.0
        ]
    ],
    "img_136.jpg": [
        [
            215.0,
            120.0,
            51.0,
            51.0
        ],
        [
            54.0,
            21.0,
            86.0,
            86.0
        ]
    ],
    "img_137.jpg": [
        [
            192.0,
            82.0,
            72.0,
            72.0
        ]
    ],
    "img_138.jpg": [
        [
            78.0,
            60.0,
            121.0,
            121.0
        ]
    ],
    "img_139.jpg": [
        [
            180.0,
            51.0,
            175.0,
            175.0
        ]
    ],
    "img_140.jpg": [
        [
            68.0,
            62.0,
            195.0,
            195.0
        ]
    ],
    "img_141.jpg": [
        [
            206.0,
            84.0,
            188.0,
            188.0
        ]
    ],
    "img_142.jpg": [
        [
            243.0,
            69.0,
            106.0,
            106.0
        ]
    ],
    "img_143.jpg": [
        [
            275.0,
            27.0,
            78.0,
            78.0
        ],
        [
            84.0,
            87.0,
            80.0,
            80.0
        ]
    ],
    "img_144.jpg": [
        [
            104.0,
            25.0,
            179.0,
            179.0
        ]
    ],
    "img_145.jpg": [],
    "img_146.jpg": [
        [
            116.0,
            90.0,
            111.0,
            111.0
        ]
    ],
    "img_147.jpg": [
        [
            243.0,
            137.0,
            88.0,
            88.0
        ],
        [
            116.0,
            51.0,
            82.0,
            82.0
        ]
    ],
    "img_148.jpg": [
        [
            33.0,
            67.0,
            212.0,
            212.0
        ]
    ],
    "img_149.jpg": [
        [
            115.0,
            36.0,
            80.0,
            80.0
        ]
    ],
    "img_150.jpg": [
        [
            168.0,
            184.0,
            94.0,
            94.0
        ],
        [
            210.0,
            189.0,
            79.0,
            79.0
        ]
    ],
    "img_151.jpg": [
        [
            228.0,
            149.0,
            105.0,
            105.0
        ]
    ],
    "img_152.jpg": [
        [
            55.0,
            67.0,
            189.0,
            189.0
        ],
        [
            40.0,
            217.0,
            226.0,
            226.0
        ]
    ],
    "img_153.jpg": [
        [
            67.0,
            87.0,
            182.0,
            182.0
        ]
    ],
    "img_154.jpg": [
        [
            91.0,
            94.0,
            177.0,
            177.0
        ]
    ],
    "img_155.jpg": [
        [
            63.0,
            76.0,
            227.0,
            227.0
        ]
    ],
    "img_156.jpg": [
        [
            188.0,
            75.0,
            79.0,
            79.0
        ]
    ],
    "img_157.jpg": [
        [
            62.0,
            33.0,
            200.0,
            200.0
        ]
    ],
    "img_158.jpg": [
        [
            19.0,
            106.0,
            135.0,
            135.0
        ],
        [
            170.0,
            72.0,
            129.0,
            129.0
        ]
    ],
    "img_159.jpg": [
        [
            69.0,
            145.0,
            207.0,
            207.0
        ]
    ],
    "img_160.jpg": [
        [
            69.0,
            110.0,
            83.0,
            83.0
        ],
        [
            314.0,
            110.0,
            82.0,
            82.0
        ]
    ],
    "img_161.jpg": [
        [
            153.0,
            154.0,
            81.0,
            81.0
        ],
        [
            141.0,
            61.0,
            109.0,
            109.0
        ]
    ],
    "img_162.jpg": [
        [
            123.0,
            92.0,
            178.0,
            178.0
        ]
    ],
    "img_163.jpg": [],
    "img_164.jpg": [
        [
            37.0,
            61.0,
            256.0,
            256.0
        ]
    ],
    "img_165.jpg": [
        [
            164.0,
            69.0,
            116.0,
            116.0
        ]
    ],
    "img_166.jpg": [
        [
            18.0,
            138.0,
            231.0,
            231.0
        ]
    ],
    "img_167.jpg": [
        [
            34.0,
            56.0,
            150.0,
            150.0
        ]
    ],
    "img_168.jpg": [
        [
            37.0,
            111.0,
            222.0,
            222.0
        ]
    ],
    "img_169.jpg": [
        [
            313.0,
            38.0,
            90.0,
            90.0
        ]
    ],
    "img_170.jpg": [
        [
            173.0,
            43.0,
            106.0,
            106.0
        ],
        [
            86.0,
            182.0,
            63.0,
            63.0
        ]
    ],
    "img_171.jpg": [
        [
            293.0,
            111.0,
            55.0,
            55.0
        ],
        [
            228.0,
            28.0,
            89.0,
            89.0
        ],
        [
            107.0,
            68.0,
            87.0,
            87.0
        ]
    ],
    "img_172.jpg": [
        [
            42.0,
            49.0,
            198.0,
            198.0
        ]
    ],
    "img_173.jpg": [
        [
            34.0,
            86.0,
            185.0,
            185.0
        ]
    ],
    "img_174.jpg": [
        [
            259.0,
            60.0,
            82.0,
            82.0
        ],
        [
            42.0,
            42.0,
            134.0,
            134.0
        ]
    ],
    "img_175.jpg": [
        [
            164.0,
            62.0,
            94.0,
            94.0
        ],
        [
            291.0,
            39.0,
            101.0,
            101.0
        ]
    ],
    "img_176.jpg": [
        [
            251.0,
            49.0,
            87.0,
            87.0
        ],
        [
            172.0,
            82.0,
            81.0,
            81.0
        ]
    ],
    "img_177.jpg": [
        [
            203.0,
            116.0,
            52.0,
            52.0
        ],
        [
            236.0,
            56.0,
            142.0,
            142.0
        ]
    ],
    "img_178.jpg": [
        [
            46.0,
            113.0,
            238.0,
            238.0
        ]
    ],
    "img_179.jpg": [
        [
            147.0,
            66.0,
            35.0,
            35.0
        ],
        [
            213.0,
            17.0,
            44.0,
            44.0
        ],
        [
            44.0,
            71.0,
            52.0,
            52.0
        ],
        [
            356.0,
            33.0,
            61.0,
            61.0
        ],
        [
            320.0,
            142.0,
            101.0,
            101.0
        ]
    ],
    "img_180.jpg": [
        [
            202.0,
            46.0,
            131.0,
            131.0
        ]
    ],
    "img_181.jpg": [
        [
            71.0,
            84.0,
            143.0,
            143.0
        ]
    ],
    "img_182.jpg": [
        [
            172.0,
            69.0,
            112.0,
            112.0
        ]
    ],
    "img_183.jpg": [
        [
            30.0,
            87.0,
            182.0,
            182.0
        ],
        [
            247.0,
            94.0,
            171.0,
            171.0
        ]
    ],
    "img_184.jpg": [
        [
            234.0,
            68.0,
            79.0,
            79.0
        ],
        [
            338.0,
            49.0,
            71.0,
            71.0
        ],
        [
            24.0,
            57.0,
            69.0,
            69.0
        ]
    ],
    "img_185.jpg": [
        [
            88.0,
            107.0,
            121.0,
            121.0
        ]
    ],
    "img_186.jpg": [
        [
            93.0,
            53.0,
            140.0,
            140.0
        ]
    ],
    "img_187.jpg": [
        [
            44.0,
            203.0,
            78.0,
            78.0
        ],
        [
            40.0,
            173.0,
            53.0,
            53.0
        ]
    ],
    "img_188.jpg": [
        [
            53.0,
            76.0,
            138.0,
            138.0
        ]
    ],
    "img_189.jpg": [
        [
            106.0,
            44.0,
            85.0,
            85.0
        ]
    ],
    "img_190.jpg": [
        [
            152.0,
            38.0,
            115.0,
            115.0
        ]
    ],
    "img_191.jpg": [
        [
            142.0,
            72.0,
            136.0,
            136.0
        ]
    ],
    "img_192.jpg": [
        [
            107.0,
            29.0,
            98.0,
            98.0
        ],
        [
            226.0,
            146.0,
            80.0,
            80.0
        ]
    ],
    "img_193.jpg": [
        [
            267.0,
            86.0,
            84.0,
            84.0
        ],
        [
            58.0,
            45.0,
            99.0,
            99.0
        ],
        [
            297.0,
            181.0,
            80.0,
            80.0
        ]
    ],
    "img_194.jpg": [
        [
            65.0,
            56.0,
            115.0,
            115.0
        ]
    ],
    "img_195.jpg": [
        [
            77.0,
            57.0,
            119.0,
            119.0
        ]
    ],
    "img_196.jpg": [
        [
            101.0,
            49.0,
            104.0,
            104.0
        ]
    ],
    "img_197.jpg": [],
    "img_198.jpg": [
        [
            194.0,
            20.0,
            90.0,
            90.0
        ],
        [
            65.0,
            92.0,
            80.0,
            80.0
        ]
    ],
    "img_199.jpg": [
        [
            239.0,
            12.0,
            109.0,
            109.0
        ],
        [
            266.0,
            49.0,
            84.0,
            84.0
        ],
        [
            96.0,
            69.0,
            94.0,
            94.0
        ],
        [
            107.0,
            143.0,
            71.0,
            71.0
        ]
    ],
    "img_200.jpg": [
        [
            197.0,
            91.0,
            110.0,
            110.0
        ],
        [
            15.0,
            101.0,
            106.0,
            106.0
        ]
    ],
    "img_201.jpg": [
        [
            117.0,
            28.0,
            70.0,
            70.0
        ]
    ],
    "img_202.jpg": [
        [
            259.0,
            29.0,
            67.0,
            67.0
        ],
        [
            123.0,
            91.0,
            61.0,
            61.0
        ],
        [
            125.0,
            160.0,
            57.0,
            57.0
        ]
    ],
    "img_203.jpg": [
        [
            121.0,
            113.0,
            211.0,
            211.0
        ]
    ],
    "img_204.jpg": [
        [
            18.0,
            84.0,
            268.0,
            268.0
        ]
    ],
    "img_205.jpg": [
        [
            333.0,
            95.0,
            80.0,
            80.0
        ]
    ],
    "img_206.jpg": [
        [
            19.0,
            31.0,
            35.0,
            35.0
        ],
        [
            125.0,
            67.0,
            152.0,
            152.0
        ]
    ]
}